{
    "Abstract": {
        "material": {
            "ambient": [
                0.0,
                1.0,
                0.29411768913269043
            ],
            "diffuse": [
                0.0,
                0.20588231086730957,
                1.0
            ],
            "shininess": 34.66699981689453,
            "specular": [
                1.0,
                1.0,
                1.0
            ]
        },
        "rotation": [
            123.00001525878906,
            54.973121643066406,
            78.0
        ],
        "scale": [
            0.006000000052154064,
            0.006000000052154064,
            0.006000000052154064
        ],
        "translation": [
            0.10000000149011612,
            0.30000001192092896,
            -0.5
        ]
    },
    "Background": {
        "material": {
            "ambient": [
                1.0,
                1.0,
                1.0
            ],
            "diffuse": [
                1.0,
                1.0,
                1.0
            ],
            "shininess": 1.3329999446868896,
            "specular": [
                0.0,
                0.0,
                0.0
            ]
        },
        "rotation": [
            0.0,
            -45.000003814697266,
            0.0
        ],
        "scale": [
            0.800000011920929,
            0.800000011920929,
            0.800000011920929
        ],
        "translation": [
            0.0,
            -0.4000000059604645,
            0.0
        ]
    },
    "Cube": {
        "material": {
            "ambient": [
                1.0,
                1.0,
                1.0
            ],
            "diffuse": [
                0.0,
                1.0,
                0.11764693260192871
            ],
            "shininess": 32.0,
            "specular": [
                1.0,
                1.0,
                1.0
            ]
        },
        "rotation": [
            -42.000003814697266,
            4.268868451617891e-06,
            -36.999977111816406
        ],
        "scale": [
            0.10000000149011612,
            0.10000000149011612,
            0.10000000149011612
        ],
        "translation": [
            0.10000000149011612,
            0.0,
            0.33399999141693115
        ]
    },
    "DLight": {
        "material": {
            "albedo": [
                1.0,
                1.0,
                1.0
            ],
            "ambient": [
                0.19117647409439087,
                0.19117647409439087,
                0.19117647409439087
            ],
            "ao": 32.0,
            "diffuse": [
                0.46568626165390015,
                0.46568626165390015,
                0.46568626165390015
            ],
            "metallic": 0.5,
            "roughness": 0.5,
            "shininess": 32.0,
            "specular": [
                0.3529411554336548,
                0.3529411554336548,
                0.3529411554336548
            ]
        },
        "rotation": [
            0.0,
            30.999998092651367,
            0.0
        ],
        "scale": [
            0.03999999910593033,
            0.03999999910593033,
            0.03999999910593033
        ],
        "translation": [
            -15.600000381469727,
            10.899999618530273,
            10.0
        ]
    },
    "Icosphere": {
        "material": {
            "ambient": [
                1.0,
                0.9117647409439087,
                0.0
            ],
            "diffuse": [
                0.0,
                1.0,
                0.08823513984680176
            ],
            "shininess": 32.0,
            "specular": [
                1.0,
                0.9852941036224365,
                0.9852941036224365
            ]
        },
        "rotation": [
            52.000003814697266,
            -33.01994705200195,
            33.000030517578125
        ],
        "scale": [
            0.10000000149011612,
            0.10000000149011612,
            0.10000000149011612
        ],
        "translation": [
            0.6000000238418579,
            -0.20399999618530273,
            0.0
        ]
    },
    "Light": {
        "material": {
            "ambient": [
                0.3186274766921997,
                0.3186274766921997,
                0.3186274766921997
            ],
            "diffuse": [
                1.0,
                1.0,
                1.0
            ],
            "shininess": 98.66699981689453,
            "specular": [
                0.46568626165390015,
                0.46568626165390015,
                0.46568626165390015
            ]
        },
        "rotation": [
            0.0,
            -0.0,
            0.0
        ],
        "scale": [
            0.03999999910593033,
            0.03999999910593033,
            0.03999999910593033
        ],
        "translation": [
            0.30000001192092896,
            0.17399999499320984,
            0.0
        ]
    },
    "PLight": {
        "material": {
            "albedo": [
                1.0,
                1.0,
                1.0
            ],
            "ambient": [
                0.6323529481887817,
                0.6323529481887817,
                0.6323529481887817
            ],
            "ao": 32.0,
            "diffuse": [
                1.0,
                1.0,
                1.0
            ],
            "metallic": 0.5,
            "roughness": 0.5,
            "shininess": 106.66699981689453,
            "specular": [
                1.0,
                1.0,
                1.0
            ]
        },
        "rotation": [
            0.0,
            -0.0,
            0.0
        ],
        "scale": [
            0.03999999910593033,
            0.03999999910593033,
            0.03999999910593033
        ],
        "translation": [
            -1.0,
            -0.800000011920929,
            2.5
        ]
    },
    "PLight2": {
        "material": {
            "albedo": [
                1.0,
                1.0,
                1.0
            ],
            "ambient": [
                0.0,
                0.0,
                0.0
            ],
            "ao": 32.0,
            "diffuse": [
                0.501960813999176,
                0.501960813999176,
                0.501960813999176
            ],
            "metallic": 0.5,
            "roughness": 0.5,
            "shininess": 32.0,
            "specular": [
                1.0,
                1.0,
                1.0
            ]
        },
        "rotation": [
            0.0,
            -0.0,
            0.0
        ],
        "scale": [
            0.03999999910593033,
            0.03999999910593033,
            0.03999999910593033
        ],
        "translation": [
            2.5,
            1.399999976158142,
            2.5
        ]
    },
    "PLight3": {
        "material": {
            "albedo": [
                1.0,
                1.0,
                1.0
            ],
            "ambient": [
                0.0,
                0.0,
                0.0
            ],
            "ao": 32.0,
            "diffuse": [
                0.501960813999176,
                0.501960813999176,
                0.501960813999176
            ],
            "metallic": 0.5,
            "roughness": 0.5,
            "shininess": 32.0,
            "specular": [
                1.0,
                1.0,
                1.0
            ]
        },
        "rotation": [
            0.0,
            -0.0,
            0.0
        ],
        "scale": [
            0.03999999910593033,
            0.03999999910593033,
            0.03999999910593033
        ],
        "translation": [
            2.5,
            -1.399999976158142,
            2.5
        ]
    },
    "PLight4": {
        "material": {
            "albedo": [
                1.0,
                1.0,
                1.0
            ],