{
    "Abstract": {
        "material": {
            "ambient": [
                0.0,
                1.0,
                0.29411768913269043
            ],
            "diffuse": [
                0.0,
                0.20588231086730957,
                1.0
            ],
            "shininess": 18.66699981689453,
            "specular": [
                0.0,
                1.0,
                0.9117646217346191
            ]
        },
        "rotation": [
            0.0,
            -0.0,
            0.0
        ],
        "scale": [
            0.006000000052154064,
            0.006000000052154064,
            0.006000000052154064
        ],
        "translation": [
            0.0,
            0.25699999928474426,
            -0.4000000059604645
        ]
    },
    "Background": {
        "material": {
            "ambient": [
                1.0,
                1.0,
                1.0
            ],
            "diffuse": [
                1.0,
                1.0,
                1.0
            ],
            "shininess": 1.3329999446868896,
            "specular": [
                0.0,
                0.0,
                0.0
            ]
        },
        "rotation": [
            0.0,
            -45.000003814697266,
            0.0
        ],
        "scale": [
            0.800000011920929,
            0.800000011920929,
            0.800000011920929
        ],
        "translation": [
            0.0,
            -0.4000000059604645,
            0.0
        ]
    },
    "Cube": {
        "material": {
            "ambient": [
                1.0,
                1.0,
                1.0
            ],
            "diffuse": [
                0.6764707565307617,
                0.0,
                1.0
            ],
            "shininess": 32.0,
            "specular": [
                1.0,
                1.0,
                1.0
            ]
        },
        "rotation": [
            -42.000003814697266,
            4.268868451617891e-06,
            -36.999977111816406
        ],
        "scale": [
            0.10000000149011612,
            0.10000000149011612,
            0.10000000149011612
        ],
        "translation": [
            0.0,
            -0.22100000083446503,
            0.0
        ]
    },
    "DLight": {
        "material": {
            "ambient": [
                0.0,
                0.0,
                0.0
            ],
            "diffuse": [
                0.0,
                0.0,
                0.0
            ],
            "shininess": 32.0,
            "specular": [
                0.0,
                0.0,
                0.0
            ]
        },
        "rotation": [
            0.0,
            -0.0,
            0.0
        ],
        "scale": [
            0.03999999910593033,
            0.03999999910593033,
            0.03999999910593033
        ],
        "translation": [
            0.0,
            0.0,
            0.0
        ]
    },
    "Icosphere": {
        "material": {
            "ambient": [
                1.0,
                0.9117647409439087,
                0.0
            ],
            "diffuse": [
                0.0,
                1.0,
                0.08823513984680176
            ],
            "shininess": 32.0,
            "specular": [
                1.0,
                0.9852941036224365,
                0.9852941036224365
            ]
        },
        "rotation": [
            52.000003814697266,
            -33.01994705200195,
            33.000030517578125
        ],
        "scale": [
            0.10000000149011612,
            0.10000000149011612,
            0.10000000149011612
        ],
        "translation": [
            0.6000000238418579,
            -0.20399999618530273,
            0.0
        ]
    },
    "Light": {
        "material": {
            "ambient": [
                0.3186274766921997,
                0.3186274766921997,
                0.3186274766921997
            ],
            "diffuse": [
                1.0,
                1.0,
                1.0
            ],
            "shininess": 98.66699981689453,
            "specular": [
                0.46568626165390015,
                0.46568626165390015,
                0.46568626165390015
            ]
        },
        "rotation": [
            0.0,
            -0.0,
            0.0
        ],
        "scale": [
            0.03999999910593033,
            0.03999999910593033,
            0.03999999910593033
        ],
        "translation": [
            0.30000001192092896,
            0.17399999499320984,
            0.0
        ]
    },
    "PLight": {
        "material": {
            "ambient": [
                0.0,
                0.0,
                0.0
            ],
            "diffuse": [
                0.0,
                0.0,
                0.0
            ],
            "shininess": 32.0,
            "specular": [
                0.0,
                0.0,
                0.0
            ]
        },
        "rotation": [
            0.0,
            -0.0,
            0.0
        ],
        "scale": [
            0.03999999910593033,
            0.03999999910593033,
            0.03999999910593033
        ],
        "translation": [
            0.7360000014305115,
            0.04800000041723251,
            0.45100000500679016
        ]
    },
    "SLight": {
        "material": {
            "ambient": [
                0.0,
                0.0,
                0.0
            ],
            "diffuse": [
                0.0,
                0.0,
                0.0
            ],
            "shininess": 32.0,
            "specular": [
                0.0,
                0.0,
                0.0
            ]
        },
        "rotation": [
            0.0,
            -0.0,
            11.0
        ],
        "scale": [
            0.03999999910593033,
            0.03999999910593033,
            0.03999999910593033
        ],
        "translation": [
            0.0,
            0.5,
            0.0
        ]
    },
    "Sphere": {
        "material": {
            "ambient": [
                0.5294113159179688,
                0.0,
                1.0
            ],
            "diffuse": [
                1.0,
                0.0,
                0.0
            ],
            "shininess": 16.0,
            "specular": [
                0.2745097875595093,
                0.2745097875595093,
                0.2745097875595093
            ]
        },
        "rotation": [
            0.0,
            -0.0,
            0.0
        ],
        "scale": [
            0.25,
            0.25,
            0.25
        ],
        "translation": [
            -0.43299999833106995,
            -0.13099999725818634,
            0.0
        ]
    }
}