{
    "Light": {
        "color": [
            1.0,
            1.0,
            1.0
        ],
        "rotation": [
            0.0,
            -0.0,
            0.0
        ],
        "scale": [
            0.10000000149011612,
            0.10000000149011612,
            0.10000000149011612
        ],
        "translation": [
            0.0,
            1.2000000476837158,
            0.0
        ]
    },
    "Monkey": {
        "color": [
            0.14705884456634521,
            1.0,
            0.0
        ],
        "rotation": [
            5.010181212128373e-06,
            -89.98021697998047,
            5.010181212128373e-06
        ],
        "scale": [
            1.0,
            1.0,
            1.0
        ],
        "translation": [
            0.0,
            0.0,
            0.0
        ]
    },
    "Sphere": {
        "color": [
            0.0,
            0.5882351398468018,
            1.0
        ],
        "rotation": [
            67.0,
            -8.537736562175269e-07,
            32.0
        ],
        "scale": [
            1.0,
            1.0,
            1.0
        ],
        "translation": [
            1.399999976158142,
            0.0,
            0.0
        ]
    },
    "color": [
        0.44333893060684204,
        0.0,
        0.6029411554336548
    ],
    "rotation": [
        -1.3438643217086792,
        -1.0305817127227783,
        2.199112892150879
    ],
    "scale": [
        1.0,
        1.7000000476837158,
        2.200000047683716
    ],
    "translation": [
        4.199999809265137,
        1.100000023841858,
        0.0
    ]
}