{
    "Abstract": {
        "color": [
            0.0,
            0.0,
            1.0
        ],
        "rotation": [
            0.0,
            -0.0,
            0.0
        ],
        "scale": [
            0.004000000189989805,
            0.0035000001080334187,
            0.0035000001080334187
        ],
        "translation": [
            0.0,
            0.6000000238418579,
            0.0
        ]
    },
    "Background": {
        "color": [
            1.0,
            1.0,
            1.0
        ],
        "rotation": [
            0.0,
            -0.0,
            0.0
        ],
        "scale": [
            0.800000011920929,
            0.800000011920929,
            0.800000011920929
        ],
        "translation": [
            0.0,
            0.0,
            0.0
        ]
    },
    "Cube": {
        "color": [
            0.7058820724487305,
            0.0,
            1.0
        ],
        "rotation": [
            -42.0,
            8.537736562175269e-07,
            -36.99997329711914
        ],
        "scale": [
            0.10000000149011612,
            0.10000000149011612,
            0.10000000149011612
        ],
        "translation": [
            0.0,
            0.23600000143051147,
            0.0
        ]
    },
    "Icosphere": {
        "color": [
            0.0,
            1.0,
            0.0
        ],
        "rotation": [
            0.0,
            -0.0,
            0.0
        ],
        "scale": [
            0.10000000149011612,
            0.10000000149011612,
            0.10000000149011612
        ],
        "translation": [
            0.6000000238418579,
            0.20000000298023224,
            0.0
        ]
    },
    "Light": {
        "color": [
            0.7696078419685364,
            0.7696078419685364,
            0.7696078419685364
        ],
        "rotation": [
            0.0,
            -0.0,
            0.0
        ],
        "scale": [
            0.10000000149011612,
            0.10000000149011612,
            0.10000000149011612
        ],
        "translation": [
            -0.5,
            3.5,
            2.0
        ]
    },
    "Sphere": {
        "color": [
            1.0,
            0.0,
            0.0
        ],
        "rotation": [
            0.0,
            -0.0,
            0.0
        ],
        "scale": [
            0.25,
            0.25,
            0.25
        ],
        "translation": [
            -0.43299999833106995,
            0.2720000147819519,
            0.0
        ]
    }
}