{
    "AbstractBlock": {
        "color": [
            0.6176466941833496,
            0.0,
            1.0
        ],
        "rotation": [
            0.0,
            -0.0,
            163.0
        ],
        "scale": [
            0.009999999776482582,
            0.009999999776482582,
            0.009999999776482582
        ],
        "translation": [
            1.7000000476837158,
            0.0,
            0.0
        ]
    },
    "Cube": {
        "color": [
            0.3382353186607361,
            0.21885813772678375,
            0.0
        ],
        "rotation": [
            179.99778747558594,
            89.02542114257813,
            -152.00294494628906
        ],
        "scale": [
            0.10000000149011612,
            0.10000000149011612,
            0.10000000149011612
        ],
        "translation": [
            -0.800000011920929,
            0.0,
            0.0
        ]
    },
    "Light": {
        "color": [
            1.0,
            1.0,
            1.0
        ],
        "rotation": [
            0.0,
            -0.0,
            0.0
        ],
        "scale": [
            0.10000000149011612,
            0.10000000149011612,
            0.10000000149011612
        ],
        "translation": [
            1.5,
            3.4000000953674316,
            -0.30000001192092896
        ]
    },
    "Monkey": {
        "color": [
            0.14705884456634521,
            1.0,
            0.0
        ],
        "rotation": [
            5.010181212128373e-06,
            -89.98021697998047,
            5.010181212128373e-06
        ],
        "scale": [
            1.0,
            1.0,
            1.0
        ],
        "translation": [
            0.0,
            0.0,
            0.0
        ]
    },
    "Sphere": {
        "color": [
            0.0,
            0.5882351398468018,
            1.0
        ],
        "rotation": [
            67.0,
            -8.537736562175269e-07,
            32.0
        ],
        "scale": [
            1.0,
            1.0,
            1.0
        ],
        "translation": [
            1.399999976158142,
            0.0,
            0.0
        ]
    }
}